/*
 * Copyright (C) 2024. Nemanja Radovanovic
 *
 * Licensed under the Apache License, Version 2.0 (the "License");
 * you may not use this file except in compliance with the License.
 * You may obtain a copy of the License at
 *
 *   http://www.apache.org/licenses/LICENSE-2.0
 *
 * Unless required by applicable law or agreed to in writing, software
 * distributed under the License is distributed on an "AS IS" BASIS,
 * WITHOUT WARRANTIES OR CONDITIONS OF ANY KIND, either express or implied.
 * See the License for the specific language governing permissions and
 * limitations under the License.
 */

-- CAUTION: This will remove all the existing data from the tables

-- Remove previous data and reset sequence for each table
truncate table user_role        restart identity cascade;
truncate table "user"           restart identity cascade;
truncate table destination      restart identity cascade;
truncate table article          restart identity cascade;
truncate table activity         restart identity cascade;
truncate table article_activity restart identity cascade;
truncate table comment          restart identity cascade;

insert into user_role
       (id, name    )
values (1,  'Admin' ),
       (2,  'Editor');

insert into "user"
       (id, first_name,  last_name,      email,                          salt,                       password,                                       role_id)
values (1,  'Nemanja',   'Radovanovic',  'nradovanovic12022rn@raf.rs',   'RBlhx29SCnIoIyK1H8THuw==', 'cCMX9s1QbvHfM2bFBDPuuIQ8XurEw0Bu2sgYTPQG26c=', 1      ),
       (2,  'Nemanja',   'Radovanovic',  'editor@raf.rs',                'UhENtd6X4EzM5OyE64YiMw==', '8E5inYLF5vEdUVTO97g7TLyqqIsfLwAkieNWpMFW6R4=', 2      ),
       (3,  'Chlo',      'Bullent',      'cbullent1@dailymail.co.uk',    'El4ZafbG9vKtvG2se9L/sw==', 'wgqy4aGRd6DJH/xzzitOa9jYC14fTmqCt/g8zzf1rkU=', 2      ),
       (4,  'Sutton',    'Hanrahan',     'shanrahan2@goo.ne.jp',         '+CWYX76g7bGBbxnNbQggbw==', 'kPHT6nxqtySEmRLl6ry1EFtipEL7A4j2oD/+njNAYco=', 2      ),
       (5,  'Cesar',     'Poser',        'cposer3@guardian.co.uk',       'V6cZdQLxJ8+CXTiDiK/Ojg==', 'BHo5w2Yh3nQ9ubLwu2ADVbJcTvHRCHDgGm6oATXxCzg=', 2      ),
       (6,  'Christoph', 'Farlambe',     'cfarlambe4@globo.com',         'SiAWVrLzCuoOKwvRNO+/dg==', 'Er2esxEbE6rUuV9xeLxJRm75E02sRQn+PVNJu/zOSUY=', 2      ),
       (7,  'Salaidh',   'Kalkofen',     'skalkofen5@sfgate.com',        'WOqv5Os1tEHHlbwReYIt1g==', 'LhWwPosHdq3SKERh4arsHk0IGLWiejzByPQ1zZskV1g=', 2      ),
       (8,  'Zea',       'Veld',         'zveld6@cyberchimps.com',       'OMHgO3wU3/gzJaUkFrOsZg==', 'GBjT1eo9MG4RVuxtkx5REIqhd9Zkwh86V3E6Ur0TVCU=', 2      ),
       (9,  'Beverley',  'Rieflin',      'brieflin7@marriott.com',       'lTDSNuhYpP0TiXiGyCgwMg==', '3nc8V1ccHRr5ACRZ+VIcv51HIp9kjoq/wr6bLGOAVH4=', 2      ),
       (10, 'Ruggiero',  'Durham',       'rdurham8@webeden.co.uk',       'PqbwOwCv2gt8M2+EOqQgAw==', 'xj5bnXVb45wW8qJ5JDYRCZAOteeiLTldG5MZ3dvZ77o=', 2      ),
       (11, 'Buiron',    'Baudinelli',   'bbaudinelli9@homestead.com',   '89ifuloitEGDcHkEGoaAPA==', 'Ybwl63bR38dJoBZotuWcPl8EMovUa+vjY3nlOEF2DqU=', 2      ),
       (12, 'Luz',       'Bortol',       'lbortola@sohu.com',            'lTTcCLRTObz7W5l2QnsG6w==', 'T7PKBala2lgfkBLA08yg3bmOQiDmYdr/PSVw85HksKM=', 2      ),
       (13, 'Jolene',    'Lavers',       'jlaversb@slate.com',           'FYD0nvhzZ25f7zBDA0pYMw==', 'g/qc+xYQu7PezfcjAyuASmvQqy4NLRuM9/rkoHBW9PE=', 2      ),
       (14, 'Ardeen',    'Fairlie',      'afairliec@t.co',               'oPpUAGn6wPJkt27pNZghNQ==', 'Kvx99vXwX4oxMWPWTbwLULO+eS/ynZZ1oC4jWkw8Dr0=', 2      ),
       (15, 'Rossie',    'Perkis',       'rperkisd@vistaprint.com',      '4niaZ9D9eaCEpU8k8bMBiQ==', 'SDN4hnYv4MBH7/2GpiOTuqCiMQDZ/mv12LuIc169etg=', 2      ),
       (16, 'Bryce',     'Gravenell',    'bgravenelle@patch.com',        'tjAFbb1Vtlh5M90KesDYgA==', 'c7xs115PLIpPPO++gljpA97SqU8TTovnc0RXNTmpyiE=', 2      ),
       (17, 'Ariadne',   'Randall',      'arandallf@ft.com',             '3gu6gJjEj2sdOGzUGu/llw==', '2B4beKneyKBfxpgFKMTpxrSTEQud1O8OOezpfLOXxlk=', 2      ),
       (18, 'Basil',     'Morison',      'bmorisong@marriott.com',       'w9xUXCXKggg5y8zfanmu9Q==', 'SLUUy1vvvnD2HdpywjcZh9kG1yQjMLnHdO6wps12I2k=', 2      ),
       (19, 'Karoly',    'Dewfall',      'kdewfallh@angelfire.com',      '+s3jQC69MfamYG8watiCIw==', 'EYR3yn/s5VtasUrveeGGViEpUOcS3nL8PmF6bWVUt4A=', 2      ),
       (20, 'Sharona',   'Veltman',      'sveltmani@wordpress.com',      '76PZAt+TC5StzJqthV6+Ww==', 'grhZ9y7Z/6Cfy+0UiKjGci3v107ihNWOIUC9TT58AcQ=', 2      ),
       (21, 'Barbie',    'Shorie',       'bshoriej@google.co.uk',        'lfGL+MGiBF54df+dXv9Nsg==', '91culbAcqfmgrPtvC1veyHIHEhPfvsPhYqiFqlje3Dc=', 2      ),
       (22, 'Morton',    'Skypp',        'mskyppk@alexa.com',            'OVWljJ7IoMiKeVGzFisesw==', 'nmpsXim12EkoRENUvC1/wi5zSR0wQUp0cHWVO3b+cCA=', 2      ),
       (23, 'Greg',      'Bulteel',      'gbulteell@mac.com',            'Hu8C3t4FYI7CXlfeqKvgGA==', 'Cbp/v/MaolRegEP4cCvQSi0oiR8U2u9WVVktNGqnYcg=', 2      ),
       (24, 'Jule',      'Barfitt',      'jbarfittm@g.co',               '5N67WQmJecjoyZP02qMPQA==', 'V0rUohwvNAO6AyVie8LVmI6izgHbmby1of3zGYLO6TU=', 2      ),
       (25, 'Dev',       'Deary',        'ddearyn@geocities.jp',         'PJugUXCRrsnrm3jJhdwS8g==', 'V7QK0bOdhTp655bTXyNoU3jYqdemGdqzsNZUTZwvEYk=', 2      ),
       (26, 'Haily',     'Lozano',       'hlozanoo@cdc.gov',             'zGgcYFv8Il+xCJdvg9Xb8Q==', 'YJiqur/e97zBh3I+DLNqyiCKXwwDVSTiyMdraKwjqXA=', 2      ),
       (27, 'Klement',   'Casetti',      'kcasettip@icq.com',            'ffsOs8AroH+mFy8Q7Zcqug==', 'v8aeQguG2RG/En9adS9f65/bLqevfvDjbMPinAy9aGM=', 2      ),
       (28, 'Hillary',   'Cream',        'hcreamq@unc.edu',              'aRnRW8uW64uCFsVxSzqNbA==', 'hBSSAn9l7BMbU8XW07SuTkFc+hGZnPpRLq6LmjDtGbM=', 2      ),
       (29, 'Ulysses',   'Bertelmot',    'ubertelmotr@quantcast.com',    'VSnCR7xDzWgk/CZ6Jx6uvg==', '+zJy/89TuKr+/zPWJPA+UrnSUkTzXlBzBOZEQ+3Cprw=', 2      ),
       (30, 'Klaus',     'Yegorov',      'kyegorovs@columbia.edu',       'CPg1ledKNBGxBXBdfehILQ==', 'qODHCLFK/IZLVG7+nw40B71C4nrWuMXwIabtlOOlhbY=', 2      ),
       (31, 'Padraig',   'Whitmarsh',    'pwhitmarsht@elpais.com',       'vkVzsL9JwBB5rk6Y4Xn/Lw==', 'Hy6MCUVba4GD93csI5bKK9cRuwMQuMXE9iY5MH4CDr4=', 2      ),
       (32, 'Carry',     'Tyreman',      'ctyremanu@symantec.com',       'RwGEWV/Mnpi5mRGok4YIGg==', '7EpcKB8GK+WHcN7DKKboeIe7IcIiN9ikYGMNWBltwcg=', 2      ),
       (33, 'Korie',     'Dakers',       'kdakersv@edublogs.org',        '6OMjWHxE68Mi+1gIuh1vFQ==', 'Yt1w1/Qxeton50pXlOGhBp6Nt3EYwsGllObsvqcprT8=', 2      ),
       (34, 'Ivar',      'De Beneditti', 'idebenedittiw@utexas.edu',     'WnTEU8or7V/60gHt9LwIzw==', 'BUSNugK5VDimqnxBKBx7oAxCY25x69RDmUTpSO2je7w=', 2      ),
       (35, 'Ephraim',   'Tukesby',      'etukesbyx@livejournal.com',    '4ja2fHVw/dqDlktqZcm3/w==', 'woZlV6Wi1bcZQYwXHMRKoV3Yq1U4h/FZZPzWZXJ4TCw=', 2      ),
       (36, 'Gib',       'Romain',       'gromainy@hostgator.com',       'CK5f2mq0Wh3gzE7hfKXsLQ==', 'vVcpCPEOqOVTci5lB0d7RTEGsPMnik4BCKmYfFsFQrY=', 2      ),
       (37, 'Terri',     'Wedlock',      'twedlockz@senate.gov',         'aMbTzHdtbRLcQmZVorQRzg==', 'CXokDhbKHVM1QUP4ZItOf6xLYsWqi+vYLtB4tcSkSx0=', 2      ),
       (38, 'Alanson',   'Bracer',       'abracer10@house.gov',          '7pA6ycpQTb0pzOhaqDZZtA==', 'CAYXwmF7cJX6SGca5IkiGBiJeqRSYcljW14YL3WsUZY=', 2      ),
       (39, 'Sloan',     'Minney',       'sminney11@symantec.com',       'V6NK8nh19upwI55OwYhmnQ==', 'G+2pTpmeSPk1miON903ABT6ea9fowgEVBAkbEMo5+e0=', 2      ),
       (40, 'Gweneth',   'Jutson',       'gjutson12@parallels.com',      'jVfowqhjSFIqscBVghkX/w==', 'Jf470Avk19vRzdqfSdwpGyf9OHHzZYRJs7kLCTPeYqw=', 2      ),
       (41, 'Gwyneth',   'Madrell',      'gmadrell13@storify.com',       'FV0/dI+2h3fTrbo0/UL5Bg==', 'sOTpF30Oj063h4hDmkUDAmGz9HEPKjhHU8ax0i3ng9g=', 2      ),
       (42, 'Fayina',    'Cavell',       'fcavell14@123-reg.co.uk',      'emWMZVrI+pVSoMDl5SmE9g==', 'RM9GedGdt2lXJBbGgBrTUUJlQoAJUzubR5Qekb1fEqk=', 2      ),
       (43, 'Maison',    'Bubbear',      'mbubbear15@sciencedirect.com', 'mQv6919cSdbsjWLRFFbkCw==', '4EjqHdr9cq7flAjioM4RhCQppqzXX6p/lOtsuX3WvTw=', 2      ),
       (44, 'Brok',      'Beddon',       'bbeddon16@is.gd',              '7KimXi5L3HWDgCD+aR0Tag==', 'hFhDuteIt8Y1hkxGqlkyoFrc/NoAU2HvNBBvUf1Uzzc=', 2      ),
       (45, 'Emalia',    'Molohan',      'emolohan17@vk.com',            '/MKz6HeZun8FJLYjoy0oQg==', 'BnlPau5YyOl4cXGn3RqufcGsvJr9cOWPGI+mcvJZgvY=', 2      ),
       (46, 'Ingmar',    'Bosence',      'ibosence18@microsoft.com',     'cyo2Hgp+VBaf8+daiDLKlA==', 'xrjVQ6loHuPlSMnbBhA0IRJZtbdPVRWNkJG7Sy7gpiw=', 2      ),
       (47, 'Jay',       'Bawdon',       'jbawdon19@arstechnica.com',    'VkX/WcI6vOG+vTb/CHnn5A==', 'zrsMr9i4xKzG3AVhid3IWIT4ydxUuDehnHpIJaWbc+8=', 2      ),
       (48, 'Lolly',     'Penniall',     'lpenniall1a@gnu.org',          'HFJi1t4shdzu6hIqcBK/Vg==', '+Xh4QDo1UYdEy6C25niULHJL/EgZ0e/hcfZye/3jJ/w=', 2      ),
       (49, 'Cesaro',    'Screech',      'cscreech1b@bravesites.com',    'rpdhCGDHoRVvem3jQRBw6g==', 'eJWJseUEgyohCTYD0K7CXqPFFWvy3JrqnhcWy1alwXc=', 2      ),
       (50, 'Olag',      'Saffin',       'osaffin1c@epa.gov',            'w1qh3AfoBuS1ZLQPo/d26A==', '5jyMDA0jhlb7m7Giz0OzzKXOZK9O3mEpzxUCfvv4biM=', 2      ),
       (51, 'Lothario',  'Don',          'ldon1d@dailymotion.com',       '/btK3glBVPQz7WjH3hiVlQ==', 'TcX3Iy1RriVyvDOQjsMd85Bc+2O9kSPofNj2Of7tXjs=', 2      );

insert into destination
       (id, name,                         description                                                                                                                                                                                                                                                                                                                                                                                                                                                                                                                                                                                                                                                                                                         )
values (1,  'Paris',                      'France''s magnetic City of Light is a perennial tourist destination, drawing visitors with its iconic attractions, like the Eiffel Tower and the Louvre, and its unmistakable je ne sais quoi. Quaint cafes, trendy shopping districts and Haussmann architecture give Paris its timeless beauty. But the ''city''s best asset is that you''re likely to discover something new with each trip or season (read: Paris is always a good idea). To best explore France''s ever-changing capital, get lost wandering the charming cobblestone streets, learn its secrets on a walking tour, head to dynamic art exhibits like the Atelier des Lumières or gourmandize at the latest restaurants and pastry shops.'    ),
       (2,  'Bora Bora',                  'What this 12-square-mile French Polynesian island may lack in size it makes up for in sheer tropical beauty. Here, you''ll find picturesque beaches, lush jungles and luxurious resorts set on surrounding islets. The island''s extinct volcano, Mount Otemanu, makes for a great photo-op or challenging ''hike, and the friendly Bora Bora locals can help you catch a glimpse of the island''s best sights during an off-road excursion. To relax, head to Matira Beach for crystal-clear water and postcard-worthy white sand. Although a trip to Bora Bora is very expensive, most travelers say it''s worth every penny.'                                                                                   ),
       (3,  'Glacier National Park',      'Snow-capped peaks, alpine meadows and azure lakes are just a few reasons why Glacier National Park is one of America''s most striking parks. There are more than 700 miles of hiking trails in this Montana crown jewel, plus 13 designated areas for camping. In the winter, travelers can enjoy ''snowshoeing and skiing, while during the summer vacationers can go swimming in Lake McDonald and whitewater rafting on Flathead River, among other popular activities. For those who''d rather admire their surroundings from their car, a scenic drive along Going-to-the-Sun Road can''t be missed.'                                                                                                         ),
       (4,  'Rome',                       'When you visit Italy''s capital city, prepare to cross a few must-see landmarks – including the Colosseum, the Trevi Fountain and the Pantheon – off of your bucket list. Travelers can also see some of Italy''s greatest treasures, including St. Peter''s Basilica and the Sistine Chapel, in Vatican ''City. Escape the tourist crowds by taking a twilight stroll along the cobblestone streets of Trastevere, or head to Mercato Centrale Roma to sample local delicacies like pistachio gelato. Before leaving, peruse some of Rome''s lesser-known museums, art galleries and boutiques, or head to Janiculum Hill for panoramic views of the city.'                                                       ),
       (5,  'Swiss Alps',                 'Snow-covered mountains, charming towns and flower-strewn meadows make the Swiss Alps a year-round fairy tale destination. Visit in the winter for world-class skiing (and après-ski fondue and drinks) in locales such as the exclusive St. Moritz and the picturesque Zermatt, home of the craggy ''Matterhorn. Opt for warmer months to hike through the verdant valleys of Swiss National Park or attend lively festivals in the foothill city of Montreux. Regardless of the time of year, no trip would be complete without a visit to the Jungfrau Region, where you can experience idyllic mountain villages like Grindelwald and Mürren or take the Jungfrau Railway to Europe''s highest railway station.'),
       (6,  'Maui',                       'Whether you''re driving along the Road to Hana, enjoying a bird''s-eye view of Maui''s lush coastline from a helicopter, snorkeling with sea turtles or simply relaxing on white or black sand beaches, you''ll find that this Hawaiian island is unlike any other tropical destination. Don''t miss a chance ''to visit Haleakala National Park, which is home to one of the world''s largest dormant volcanic craters and boasts surreal sunrises. You should also attend a traditional luau for a dose of local culture and a taste of Hawaiian specialties like poi, poke and i''a fish.'                                                                                                                      ),
       (7,  'London, England',            'London is a world unto itself. The eclectic neighborhoods, which are home to a blend of historical landmarks and modern-day attractions, can keep you occupied for days. If it''s your first time in London, join a tour that takes you past top spots like the Tate Modern art institution, Buckingham ''Palace, the Tower of London, Borough Market and the British Museum, before sitting down to a classic afternoon tea or checking out a local pub for a Sunday roast. Once you''ve seen the major sights, stroll through the posh streets of Mayfair or Chelsea, or admire the gardens at one of London''s 3,000 parks.'                                                                                    ),
       (8,  'Maldives',                   'It is not cheap or easy to reach, but this isolated Indian Ocean vacation spot located southwest of India is the personification of a dreamy tropical retreat. In this remote destination, which is made up of more than 1,000 islands, thatched-roof overwater bungalows sit above the bright aquamarine ''sea, providing easy water access and a romantic atmosphere. On this once-in-a-lifetime vacation, fill your days with beach trips, spa treatments and snorkeling or scuba diving excursions. If cabin fever sets in, pay a visit to the capital, Malé, where you''ll find historic mosques and open-air markets.'                                                                                       ),
       (9,  'Turks & Caicos',             'Located north of the Dominican Republic, this collection of roughly 100 islands and cays is popular with honeymooners – and for good reason. With sparkling white sand, crystal-clear water and nearly 350 miles of colorful coral reef, the Turks and Caicos Islands are truly a sight to behold. While ''you''d be remiss to visit this quintessential Caribbean wonder and not spend a day or two lounging on Grace Bay Beach on Providenciales, those seeking a more active getaway will have plenty of opportunities to snorkel, scuba dive and ride horses along the coast.'                                                                                                                                 ),
       (10, 'Tokyo',                      'Simply setting foot in Japan''s frenetic capital city is an experience. Known for its bustling streets and flashing neon signs, Tokyo has an electric energy and ample top attractions to discover. Foodies won''t be let down by Tokyo''s fresh sushi and hearty ramen (not to mention more ''Michelin-starred restaurants than any other city in the world). Shopaholics will find plenty of must-have designer products in Ginza, while those seeking a respite in nature can visit Shinjuku Gyoen or Yoyogi Park. Meanwhile, history buffs will appreciate Tokyo''s centuries-old temples and shrines.'                                                                                                        ),
       (11, 'Phuket',                     'Located in southern Thailand, the island of Phuket offers something for everyone, especially budget-minded travelers. Activities like spa treatments and boat tours come with low price tags, as do accommodations, making this a cheap tropical vacation option. For stunning scenery, check out the ''limestone cliffs of Phang Nga Bay and lounge on Phuket''s gorgeous white sand beaches (Freedom Beach and Bang Tao Beach are two popular destinations). Other top attractions include Wat Chalong Temple and the Big Buddha. Once the sun sets, hitch a ride on a tuk-tuk and take part in the island''s lively nightlife scene.'                                                                           ),
       (12, 'Costa Rica',                 'From volcanic mountains and verdant rainforests to tumbling waterfalls and miles of stunning shoreline, Costa Rica is a Central American gem. Explore the beaches along the Nicoya Peninsula, hike along Arenal Volcano and spot exotic wildlife (think: river turtles, otters and howler monkeys) in ''remote Tortuguero National Park. If you''re looking for an adrenaline rush, go swimming next to some of the country''s waterfalls or zip lining through its rainforests. Then, head back to an eco-luxury all-inclusive resort to unwind. Just make sure you plan a visit during Costa Rica''s dry season, which falls between mid-December and April.'                                                    ),
       (13, 'South Island, New Zealand',  'New Zealand''s South Island brims with majestic landscapes at every turn, from dramatic mountains to spectacular fjords. Here, you can admire the mountains of Fiordland National Park from hiking trails or a boat on Milford Sound/Piopiotahi. At night, journey to the University of Canterbury''s Mount ''John Observatory to gaze at the starry skies. You can also indulge your inner daredevil in Queenstown (a favorite destination among bungee jumpers), sample delicious sauvignon blanc wine in the Marlborough region or explore New Zealand''s most accessible glaciers – Franz Josef and Fox Glacier – on the island''s west coast.'                                                                ),
       (14, 'Tahiti',                     'Travel to this island – the largest in French Polynesia – if you''ve been dreaming of a vacation spent lazing in a lavish overwater bungalow combined with experiencing an ancient culture. Beyond the posh resorts, Tahiti boasts black sand and golden beaches, a bustling capital (Papeete) and prime ''snorkeling and surfing conditions. If you''re looking for more cultural activities, check out some of the island''s temples, shop for Tahitian pearls at its traditional indoor markets or enjoy local performance art. To save money, opt to stay in a vacation rental – the island is home to plenty of cute bungalows and chic condos.'                                                              ),
       (15, 'Banff',                      'An Alberta town full of acclaimed restaurants, breweries, boutiques and art galleries, Banff makes for an exciting vacation in every season. Vacationers can spend their days hiking, relaxing in hot springs and boating on scenic lakes. Banff''s location within the Canadian Rockies also makes it ''easy for visitors to access Banff National Park, which boasts some of the world''s most beautiful vistas. Inside the park, travelers can admire sweeping views of the Bow Valley from the Banff Gondola or while schussing the slopes at the park''s three ski resorts.'                                                                                                                                  ),
       (16, 'Great Barrier Reef',         'The globe''s largest coral reef system – and one of the original Seven Natural Wonders of the World – touts one-of-a-kind scenery. At Australia''s Great Barrier Reef, you''ll find more than 600 islands and 1,500-plus species of fish. Though plenty of diving and snorkeling spots can be found along ''Queensland''s coast, to escape the crowds, visit the Whitsunday Islands (which happen to have some of the world''s best beaches). Also, save time for viewing the reef from above during a flightseeing excursion.'                                                                                                                                                                                    ),
       (17, 'Amsterdam',                  'Famous museums, tulips, canal-lined streets, "coffee shops" and high-end boutiques await you in Amsterdam. Here, you can spend your days gazing at Vincent van Gogh paintings, relaxing in Vondelpark and shopping in The Nine Streets area. Immerse yourself in Amsterdam''s street food scene by eating ''herring or Dutch fries, or satisfy your sweet tooth with stroopwafels. You can also do as the Dutch do and rent a bicycle to tour the city. If you plan on visiting in spring, don''t miss the Keukenhof gardens, where you can view millions of colorful flowers.'                                                                                                                                    ),
       (18, 'Barcelona',                  'This Spanish city is a feast for the eyes: Visitors can walk past medieval architecture in the Barri Gòtic, snap photos of the intricate Basílica de la Sagrada Família and marvel at more of Antoni Gaudí''s whimsical creations in Park Güell. Meanwhile, Barceloneta beach and the Parc de la ''Ciutadella are perfect places to pass the time on a sunny day before checking out the restaurants and bars along Las Ramblas, which buzzes at all hours of the night. For travelers who want to see Barcelona from above, trek up Tibidabo or to the Bunkers del Carmel.'                                                                                                                                       ),
       (19, 'St. Lucia',                  'Dotted with luxurious boutique hotels and stunning mountainside resorts, this Caribbean destination is ideal for lovebirds and adrenaline junkies. Those in search of relaxation will find it on the island''s unspoiled shorelines (specifically Reduit Beach and Anse Chastanet). Meanwhile, adventure ''seekers can test their limits climbing the Pitons or zip lining through the Chassin region''s rainforest. The dry season, from December to April, is the most popular (and expensive) time to visit, but budget-conscious travelers can find superb weather and cheaper room rates if they arrive in May or June.'                                                                                      ),
       (20, 'Sydney',                     'Sydney offers more than just a dizzying array of famous landmarks, such as the Sydney Opera House, Mrs. Macquarie''s Chair and the Sydney Harbour Bridge. This Australia metropolis boasts a warm, sunny climate that is ideal for relaxing or surfing at world-renowned beaches like Coogee, Bondi and ''Manly. Sydney also hosts several seasonal events, including concerts and food festivals. No visit would be complete without visiting museums like the Hyde Park Barracks and the Australian Museum to get an overview of the city''s history and culture.'                                                                                                                                               ),
       (21, 'Dubai',                      'Stunning Persian Gulf views, heart-pumping activities and historical landmarks await you in Dubai. This Middle Eastern city is filled with some of the world''s most notable and unique attractions, including the Dubai Mall, indoor Ski Dubai and Burj Khalifa, the tallest building on the planet. But ''the city still holds onto its heritage, as seen in the Bastakiya Quarter and the traditional Gold and Spice souks. When you need a break from the hustle and bustle of the city, head to a sandy shore like Jumeirah Public Beach, Sunset Beach or Al Mamzar Beach Park.'                                                                                                                              ),
       (22, 'New York City',              'New York City hosts infinite urban adventures: You can wander through Central Park, tour art exhibits at The Metropolitan Museum of Art, catch a classic New York Broadway show or peruse SoHo''s stylish boutiques. At night, admire Manhattan''s glittering skyscrapers from the top of the Empire State ''Building or the rooftop bar of a trendy boutique hotel. Foodies will also appreciate New York''s endless restaurant options and commendable number of Michelin stars. If you want to sample a bit of everything, sign up for a food tour.'                                                                                                                                                            ),
       (23, 'Santorini',                  'Frequently touted as a top honeymoon destination, Greece''s most popular isle woos newlyweds every year with its breathtaking sunsets, whitewashed villages and colorful beaches. Archaeological sites, such as Ancient Thira and the prehistoric Akrotiri, beckon to history buffs, while central ''Santorini''s wine tours lure oenophiles. Work up an appetite by hiking along the rim of the caldera, then head to scenic Amoudi Bay to dine alfresco. Meanwhile, travelers looking for a relaxing daytrip can hop on a boat to the nearby island of Thirassia.'                                                                                                                                               ),
       (24, 'British Virgin Islands',     'If picturesque beaches and warm weather are what you''re after, look no further than the British Virgin Islands. For easy access to Smuggler''s Cove, Brewers Bay, and other top-notch BVI beaches, consider booking your hotel room on Tortola, the area''s largest island. Plus, you can easily hop ''between the smaller islands on a boat tour. Head to Virgin Gorda to see the must-visit rock formations of The Baths and hike through Gorda Peak National Park, or truly get away from the crowds on the island of Anegada, which offers stretches of secluded white sand beaches.'                                                                                                                         ),
       (25, 'Bali',                       'Serene temples and beautiful beaches are the biggest draws to this lush Indonesian paradise. And we do mean lush – the region''s notoriously soggy wet season is best avoided by planning a visit between April and October. Break up your beach time with a visit to the village of Kintamani, home to a ''towering (and active) volcano, as well as a large lake. If you''re craving an adrenaline rush, hop on one of Bali''s many swings to soar above rice terraces and jungles. Meanwhile, foodies can whip up some nasi goreng during a Balinese cooking class.'                                                                                                                                            ),
       (26, 'Tulum',                      'Consider Tulum if you''re longing for an approachable Bohemian beach getaway. This relatively easy-to-reach Mexico hot spot lies nearly 80 miles southwest of Cancún and boasts many sandy, palm-lined beaches, including the popular Playa Paraíso. Beyond its shoreline, Tulum features everything from ''cerulean swimming holes called cenotes to fascinating Mayan ruins. The true allure of Tulum is its aesthetic, which includes chic boutique hotels, trendy open-air restaurants and yoga lounges under a jungle canopy. Bike down Beach Road to find everything from matcha to fashionable shops.'                                                                                                      ),
       (27, 'Florence',                   'Florence, Italy, offers numerous world-famous attractions, including the Duomo, Piazzale Michelangelo and Piazza della Signoria. Plus, it''s a haven for art lovers thanks to art-focused museums like the Galleria dell''Accademia di Firenze and the Uffizi Gallery. After appreciating this historic ''Italian city''s Renaissance architecture and art, sample some of the region''s delectable Tuscan food and wine at Florence''s quaint cafes, gelato shops and ristorantes. Then, cross the Ponte Vecchio bridge to get to Italy''s acclaimed Palazzo Pitti and the Boboli Gardens, where you''ll find fountains, meticulously landscaped green spaces and panoramic views.'                               ),
       (28, 'Grand Canyon National Park', 'Measuring roughly 277 miles long, 18 miles wide and about a mile deep, the Grand Canyon is brimming with outdoor activities for everyone from day-trippers to adventure junkies. Hike along the national park''s popular Rim and Bright Angel trails for unparalleled vistas, cool off with a whitewater ''rafting excursion down the Colorado River or view the dramatic Arizona landscape from above during a helicopter tour. If you''re feeling especially daring, sign up for a skydiving excursion above the canyon.'                                                                                                                                                                                        ),
       (29, 'Tasmania',                   'Set your sights on a far-flung adventure down under in Tasmania, Australia''s island state located about 150 miles from the mainland. Tassie (as locals call it) is sure to impress with its wildlife (think: Tasmanian devils, fairy penguins and kangaroos) and awe-inspiring scenery, including 19 ''national parks, such as Cradle Mountain-Lake St Clair National Park and Freycinet National Park. The waterfront cities of Hobart and Launceston also offer stunning settings, plus acclaimed art and gastronomy scenes. Not to mention, the island is home to four wine trails, so you can taste the region''s pinot noir and sparkling options no matter where you stay.'                                 ),
       (30, 'Rio de Janeiro',             'Christ the Redeemer, Sugarloaf Mountain and the shores of Copacabana and Ipanema beaches are just a few reasons why you should plan a trip to Rio. In this mesmerizing Brazilian city, you can revel in the sounds of samba in the Lapa neighborhood after strolling along the cobblestone sidewalks of ''Santa Teresa. Time your visit for February if you want to experience Carnival, though keep in mind that flights and hotels are expensive when this world-famous celebration takes place.'                                                                                                                                                                                                                );

insert into article
       (id, title,                               content,                                                                                                                                                                                                                                                                                                                                                                                                                                                                                                                                                                                                                                                                                                                                                                                                                                                                                                                                                                                                                                                                                                              author_id, destination_id)
values (1,  'Babylon Tours Paris',               'You’ve seen it in the movies, but what do you really know about Paris? We’ll share its stories, secrets, and scandals with you while exploring all of the places you won’t find on your own. Wander the streets and museums of the world’s most popular city on a small group or private tour of Paris. Our English speaking guides at Babylon Tours score you priority entrance and help you skip the lines at the Louvre and Musée d’Orsay. Go beyond the Eiffel Tower and experience Paris with Babylon Tours.',                                                                                                                                                                                                                                                                                                                                                                                                                                                                                                                                                                                                  29,        1             ),
       (2,  'Blue Fox Travel - Blue Bike Tours', 'We provide each of our guests with an authentic and memorable experience of visiting France. Our unique tours and excursions will entertain and educate both the novice and the most discerning traveler. Book with us and be sure that your visits to Paris, Versailles, and the French countryside are fun, hassle free, and full of great memories!',                                                                                                                                                                                                                                                                                                                                                                                                                                                                                                                                                                                                                                                                                                                                                             33,        1             ),
       (3,  'Secret Food Tours Paris',           'When you come on our food tours, you''ll get to try the many different types of French culinary delights, guaranteed to get your taste buds tingling. Firstly, your local Parisian guide will take you to a patisserie to enjoy some traditional French delicacies, followed by a visit to a cheese shop to try some of Nico''s favorite ''fromages''. Your personal guide will then lead your party to a classic chocolaterie where you''ll have the chance to eat mouthwatering chocolates. Your tour will include a stop at a boulangerie where you can sample and learn about classic French breads and baguettes (and why you should never eat a baguette the wrong way around)! You''ll also drop into a creperie for the delicious flavor sensation of eating a crepe or galette, washed down with a refreshing glass of local cider. The tour even includes a visit to a butcher shop, while there, you can taste succulent French hams and the finest cured sausages. Finally, our guide will pick out the perfect wine chosen to match your food and taste and designed to enhance the whole experience.', 5,         1             ),
       (4,  'Reef Discovery Bora Bora',          'Reef Discovery, the choice provider of snorkeling tours in Bora Bora! If you''re after a comfortable small group experience, the perfect balance between sightseeing and snorkeling, uncrowded snorkeling spots and expert naturalist guides, look no further .. Reef Discovery is for you! Small Groups & Comfort Our boats not only boast the highest level of comfort in Bora Bora, we take care to limit the group size onboard to a maximum of 8 passengers per boat for the highest quality of service. It is ideal for all age groups and allows for a more personal approach to touring! High Quality Guide & Equipment Onboard, you''ll enjoy high-quality snorkel gear. Our naturalist guides* will impart their knowledge on the lagoon and its fauna, before accompanying you in the water to guide you underwater and provide you with the assistance you need. *Our guides are fully certified, with in-depth knowledge of marine biology. Book a tour today or lock in your own private boat!',                                                                                                       50,        2             ),
       (5,  'Lagoon Service Bora Bora',          'Lagoon Service is a team of passionate individuals,dedicated to share their local knowledge and take you for an exclusive ride on the "most beautiful lagoon in the world".Snorkeling with sting rays and sharks,discovering amazing coral gardens,having luncheon a cosy motu,enjoying a sunset cruise with champagne,or an exquisite dinner under the stars...You will discover our hidden paradise the traditional way,in an exclusive comfort and tailor-made service.',                                                                                                                                                                                                                                                                                                                                                                                                                                                                                                                                                                                                                                         31,        2             ),
       (6,  'Moana Adventure Tours',             'Private excursions or shared tours, snorkeling activities, boat or jet ski rides, Lagoon fishing trips, unforgettable honeymoon vacation. We organize everything for your pleasure. Come and experience the bliss on the most beautiful island of the French Polynesia. Most experienced tour operator of Bora Bora since 1969, Moana Adventure Tours offers a wide range of options on the emerald lagoon. Mauruuru',                                                                                                                                                                                                                                                                                                                                                                                                                                                                                                                                                                                                                                                                                               26,        2             ),
       (7,  'LivTours',                          'LivTours is a small family business that offers exclusive private and small-group tours (max 6 people guaranteed!). Our strength is customer care, and our goal is to create memories in Italy that will last a lifetime. We pride ourselves on providing travelers from all backgrounds with experiences they can fully see, taste, smell and feel. From an intimate and customized tour through the Vatican Museums to the thrill of being in the driver seat of a Ferrari, we go beyond the ordinary to treat our customers to the best that Italy has to offer! We "limit" our groups to 6 people to make sure each individual gets extraordinary care and attention, and our exclusive private tours for families and groups are top-rated worldwide. LivTours proudly offers outstanding itineraries throughout the entire country. Don''t Just visit Italy, Live it.',                                                                                                                                                                                                                                        50,        4             ),
       (8,  'City Wonders',                      'City Wonders Tours (formerly Dark Rome) offers special-access tours in Rome, the Vatican, Venice, Florence and Milan. We specialize in small, single language tours with Skip the Line Access at all major monuments and museums - making sure that you get the very best from every second of your vacation. As an Official Vatican Museums Partner, City Wonders offers No Wait Access at the Vatican Museums along with a number of exclusive and special-access tours. We also have special access to the Colosseum underground, third tier level and arena floor. As well as original walking tours, we offer a number of innovative day trips from Rome to Tuscany, Pompeii and Florence. In operation for over 10 years now, our focus on the little details, our excellent Customer Care team and our careful guide selection have made us one of the most popular tour operators in Rome - and we''re still growing!',                                                                                                                                                                                      11,        4             );

insert into activity
       (id, name                         )
values (1,  'City Tours'                 ),
       (2,  'Cultural Tours'             ),
       (3,  'Historical & Heritage Tours'),
       (4,  'Walking Tours'              ),
       (5,  'Private Tours'              ),
       (6,  'Bike Tours'                 ),
       (7,  'Sightseeing Tours'          ),
       (8,  'Day Trips'                  ),
       (9,  'Food Tours'                 ),
       (10, 'Scuba & Snorkelling'        ),
       (11, 'Boat Tours'                 ),
       (12, 'Dolphin & Whale Watching'   ),
       (13, 'Shark Diving'               ),
       (14, 'Eco Tours'                  ),
       (15, 'Waterskiing & Jetskiing'    ),
       (16, 'Fishing Charters & Tours'   ),
       (17, 'Speed Boats Tours'          ),
       (18, 'Night Tours'                );

insert into article_activity
       (id, article_id, activity_id)
values (1,  1,          1          ),
       (2,  1,          2          ),
       (3,  1,          3          ),
       (4,  1,          4          ),
       (5,  1,          5          ),
       (6,  2,          1          ),
       (7,  2,          2          ),
       (8,  2,          6          ),
       (9,  2,          7          ),
       (10, 2,          8          ),
       (11, 3,          9          ),
       (12, 4,          10         ),
       (13, 4,          11         ),
       (14, 4,          12         ),
       (15, 5,          10         ),
       (16, 5,          13         ),
       (17, 5,          11         ),
       (18, 5,          14         ),
       (19, 5,          8          ),
       (20, 6,          10         ),
       (21, 6,          11         ),
       (22, 6,          15         ),
       (23, 6,          16         ),
       (24, 6,          17         ),
       (25, 7,          2          ),
       (26, 7,          4          ),
       (27, 7,          7          ),
       (28, 7,          5          ),
       (29, 7,          9          ),
       (30, 8,          1          ),
       (31, 8,          2          ),
       (32, 8,          18         ),
       (33, 8,          7          ),
       (34, 8,          8          );

insert into comment
       (id, display_name,    content,                                                                                                                                                                                                                                                                                                                                    article_id)
values (1,  'Neela M',       'Eduardo was our tour guide and i had such a fun time on the tour! he brought so much enthusiasm and Interest to the day and i enjoyed the tour a lot.',                                                                                                                                                                                    1         ),
       (2,  'Jaya B',        'best tour i have ever been on!! it was so much fun and eduardo was so great and funny. eduardo had great energy and was super the whole time snd made it really interesting and entertaining and enjoyable. 10/10 recommend.',                                                                                                             1         ),
       (3,  'Sylvie B',      'The tour was great. Eduardo our guide was knowledgeable, enthusiastic and had a great sense of humor. We had a great experience.',                                                                                                                                                                                                         1         ),
       (4,  'Janice P',      'We had the most amazing day with Hugo. Hugo made our experience at the Louvre and Musee D’Orsay completely fascinating, extremely interesting, and utterly inspiring. Our two sons (ages 13 & 11) loved this experience as much as we did. Thank you Hugo for a magical day!!!!',                                                          1         ),
       (5,  'Paul G',        'Arnold did your company proud by giving all of the group an informative and professional guided tour of Versailles. He was friendly and personable and gave us all a memorable experience, seeing places which independent traveĺlers wouldn''t see. He is asset to your company and this tour was a great way to see 95% of Versailles.', 2         ),
       (6,  'Christopher R', 'We had a wonderful day and Aaron was fantastic! We learned so much on our tour and are so grateful to see the sites of such important history.',                                                                                                                                                                                           2         ),
       (7,  'Mike F',        'Aro provided us with a really informative and fun experience. Great that he actually snorkelled with us and pointed out interesting sights. He also shared what life was like living in bora Bora. Very enjoyable and interesting tour. Thank you Aro.',                                                                                   4         ),
       (8,  'Karly M',       'Aro went above and beyond to give me and my family the most wonderful experience! He is kind, funny, and made the experience even better than we thought possible. If you have a chance, request him to have the best time ever!',                                                                                                         4         ),
       (9,  'Michael W',     'Awesome experience, we were a little nervous to swim with the sharks but it was an amazing experience!! Would do it again if we ever visit bora bora again. Our guides went above and beyond explaining the history of bora bora and guiding and entertaining my wife and I on the tour. The lunch was also very good.',                   5         ),
       (10, 'Hope J',        'Our guide was amazing. Funny, knowledgeable and very attentive.went to three spots all with different sea life and looks. Would go again anytime.',                                                                                                                                                                                        5         ),
       (11, 'Tom F',         'We absolutely loved this sunset cruise and dinner on a private Motu. Our captain Mike is so sweet, funny, and easy going. Listening to him sing and play the ukulele was so special and romantic. He is very thoughtful and makes sure everything is perfect!',                                                                            5         ),
       (12, 'Brianna P',     'We had the most amazing time on this excursion! They had so much knowledge on everything. It was beyond beautiful and the lunch was so so delicious! Such a fun and relaxing morning!',                                                                                                                                                    5         ),
       (13, 'Travelerwrld90','We had a great time snorkeling with Mati and captain Sparrow. We saw a lot of fishes and wildlife. We then had lunch and went on a jet ski tour with Ali who was delightful and nice. We would recommend them all and this company. Merci',                                                                                                6         ),
       (14, 'Janelle M',     'Mat was an excellent guide but the tour lacked substance beyond the golden coconut history. It went so fast that you couldn’t enjoy the scenery. It was fun but jet skis are not the way to see the island.',                                                                                                                              6         ),
       (15, 'Tracy K',       'Brando was absolutely wonderful. Informative, fun, and gave us a local overview of all of Rome. The whole family loved it!',                                                                                                                                                                                                               7         ),
       (16, 'Jim H',         'Luciana was incredibly knowledgeable, patient and flexible. She helped craft a custom tour for us since we are already familiar with art history and Church history and wanted to dive deeper into the culture. Best 3 hours we have spent at a tourist site on this trip!',                                                               7         ),
       (17, 'Kayla P',       'Dario from LivTours did so well explaining each monument with historic evidence and we had a great time! Fantastic Tour of the Colosseum.',                                                                                                                                                                                                7         ),
       (18, 'Mangoman64',    'Very informative and passionate about the history of Rome. Having the special attention was worth every penny. Highly recommend!',                                                                                                                                                                                                         7         ),
       (19, 'Tara',          'We loved the tour. So informative and the guide was knowledgeable and friendly. I would recommend this tour and this company.',                                                                                                                                                                                                            8         ),
       (20, 'Shawn S',       'Angela was the greatest, she was incredibly kind, knowledgeable, and attentive. We got plenty of time to explore and we''re directed to the best places in Sorrento with recommendations to come back. Very comfortable on the bus with air conditioning and the best driver',                                                             8         ),
       (21, 'Tara',          'We had a great time with Amy, our guide. She was knowledgeable and interesting. I would recommend this tour snd skip the long line! It was very crowded!',                                                                                                                                                                                 8         ),
       (22, 'Anna W',        'Positano was a must see and the Amalfi coast was gorgeous. The day was VERY long but the experience was just as described. We did wish our group was a little bit smaller, we were with a full coach bus of 50 people. Pompeii was amazing but we moved very slowly which was a little annoying. But the history and views were amazing!', 8         ),
       (23, 'Soodeh N',      'Don’t book this tour! Stay away from them! I booked this tour 9 months before coming to Rome to make sure our spot was safe! We showed up at 8:50 for the tour that was supposed to start at 9am! At 8:50 am they told us our tour guide didn’t show up and cancelled our tour! We were left alone with no guide! Unbelievable!',          8         );

-- Update Sequence for each table
select setval('user_role_id_seq',        (select max(id) from user_role       )) as "User Role Sequence",
       setval('user_id_seq',             (select max(id) from "user"          )) as "User Sequence",
       setval('destination_id_seq',      (select max(id) from destination     )) as "Destination Sequence",
       setval('activity_id_seq',         (select max(id) from activity        )) as "Activity Sequence",
       setval('article_id_seq',          (select max(id) from article         )) as "Article Sequence",
       setval('article_activity_id_seq', (select max(id) from article_activity)) as "ArticleActivity Sequence",
       setval('comment_id_seq',          (select max(id) from comment         )) as "Comment Sequence";
